t,phase,os_used_gb,gpu_dedicated_gb,gpu_shared_gb,gpu_util_pct,cpu_pct
02:06:31,idle,10.6,1.4,2.7,0,3
02:06:36,loading,11.4,1.5,2.7,0,24
02:06:42,loading,26.4,1.5,2.7,0,21
02:06:48,loading,23.9,1.5,2.7,0,9
02:06:54,loading,12.2,42.8,2.7,0,13
02:07:01,loading,13.2,60.7,2.7,0,6
02:07:07,loading,17.4,60.7,2.7,0,10
02:07:13,loading,21.7,60.7,2.7,0,7
02:07:19,loading,26.0,60.7,2.7,0,8
02:07:26,loading,29.7,60.7,2.7,0,11
02:07:32,loading,31.6,60.7,2.7,0,23
02:07:39,loading,31.2,60.7,2.7,0,20
02:07:45,loading,31.4,60.7,2.7,0,15
02:07:51,loading,31.5,60.7,2.7,0,7
02:07:57,loading,31.5,60.7,2.7,0,10
02:08:04,loading,31.5,60.7,2.7,0,8
02:08:10,loading,31.5,60.7,2.7,0,10
02:08:16,loading,31.5,60.7,2.7,0,6
02:08:22,loading,31.5,60.7,2.7,0,7
02:08:28,loading,31.5,60.7,2.7,0,9
02:08:35,loaded,31.5,61.2,2.7,0,8
02:08:39,generating,31.5,61.2,2.7,0,11
02:08:45,generating,31.5,61.2,2.7,0,6
02:08:50,generating,31.5,61.2,2.7,0,3
02:08:55,after,31.3,61.2,2.7,0,2
02:09:03,unloaded,9.5,1.5,2.7,0,4
