time,repo,quant,gb,engine,variant,status,load_s,first_token_s,tok_s,cold_s,cached_s,agent_hard,agent_loops,agent_secs,notes
2026-10-06 10:25:43,ggml-org/NVIDIA-Nemotron-3.5-Lightning-30B-A3B-GGUF,Q4_0,18.9,lmstudio,ub1024/b2048,ok,8.9,13.3,68.7,16.1,3.4,,,,
2026-10-06 10:25:43,ggml-org/NVIDIA-Nemotron-3.5-Lightning-30B-A3B-GGUF,Q4_0,18.9,lmstudio,ub512/b512,ok,12.5,13.33,68.7,26.7,3.0,,,,
2026-10-06 10:25:43,ggml-org/NVIDIA-Nemotron-3.5-Lightning-30B-A3B-GGUF,Q4_0,18.9,lmstudio,best ub1024,agent,,,,,,5/5,0,35,easy 0/3; 
2026-10-06 10:25:43,ggml-org/NVIDIA-Nemotron-3.5-Lightning-30B-A3B-GGUF,Q4_0,18.9,stock,ub1024,ok,,1.26,69.0,13.5,1.5,,,,
2026-10-06 10:25:43,ggml-org/NVIDIA-Nemotron-3.5-Lightning-30B-A3B-GGUF,Q4_0,18.9,stock,ub1024,agent,,,,,,5/5,0,19,
2026-10-06 10:25:43,ggml-org/NVIDIA-Nemotron-3.5-Lightning-30B-A3B-GGUF,Q4_0,18.9,src,ub1024,ok,,1.98,68.9,15.0,2.0,,,,
2026-10-06 10:25:43,ggml-org/NVIDIA-Nemotron-3.5-Lightning-30B-A3B-GGUF,Q4_0,18.9,src,ub1024,agent,,,,,,5/5,0,21,
2026-10-06 10:59:12,ggml-org/NVIDIA-Nemotron-3-Nano-30B-A3B-GGUF,Q4_K_M,22.4,lmstudio,ub1024/b2048,ok,10.4,3.01,63.7,219.1,3.5,,,,
2026-10-06 10:59:12,ggml-org/NVIDIA-Nemotron-3-Nano-30B-A3B-GGUF,Q4_K_M,22.4,lmstudio,ub512/b512,ok,13.9,2.96,63.6,18.6,3.1,,,,
2026-10-06 10:59:12,ggml-org/NVIDIA-Nemotron-3-Nano-30B-A3B-GGUF,Q4_K_M,22.4,lmstudio,best ub512,agent,,,,,,5/5,0,219,easy 0/3; 
2026-10-06 10:59:12,ggml-org/NVIDIA-Nemotron-3-Nano-30B-A3B-GGUF,Q4_K_M,22.4,stock,ub1024,ok,,1.43,64.2,14.1,1.6,,,,
2026-10-06 10:59:12,ggml-org/NVIDIA-Nemotron-3-Nano-30B-A3B-GGUF,Q4_K_M,22.4,stock,ub1024,agent,,,,,,5/5,0,28,
2026-10-06 10:59:12,ggml-org/NVIDIA-Nemotron-3-Nano-30B-A3B-GGUF,Q4_K_M,22.4,src,ub1024,ok,,2.05,65.2,15.1,2.1,,,,
2026-10-06 10:59:12,ggml-org/NVIDIA-Nemotron-3-Nano-30B-A3B-GGUF,Q4_K_M,22.4,src,ub1024,agent,,,,,,5/5,0,29,
2026-10-06 11:59:05,JetBrains/Mellum2-12B-A2.5B-Instruct-GGUF-Q8_0,Q8_0,12.9,lmstudio,ub1024/b2048,ok,6.6,2.17,83.9,19.0,2.7,,,,
2026-10-06 11:59:05,JetBrains/Mellum2-12B-A2.5B-Instruct-GGUF-Q8_0,Q8_0,12.9,lmstudio,ub512/b512,ok,6.2,2.17,84.2,17.7,2.7,,,,
2026-10-06 11:59:05,JetBrains/Mellum2-12B-A2.5B-Instruct-GGUF-Q8_0,Q8_0,12.9,lmstudio,best ub512,agent,,,,,,2/5,0,26,easy 0/3; 
2026-10-06 11:59:05,JetBrains/Mellum2-12B-A2.5B-Instruct-GGUF-Q8_0,Q8_0,12.9,stock,ub1024,ok,,0.28,86.4,16.4,0.6,,,,
2026-10-06 11:59:05,JetBrains/Mellum2-12B-A2.5B-Instruct-GGUF-Q8_0,Q8_0,12.9,stock,ub1024,agent,,,,,,0/5,0,9,
2026-10-06 11:59:05,JetBrains/Mellum2-12B-A2.5B-Instruct-GGUF-Q8_0,Q8_0,12.9,src,ub1024,ok,,0.31,86.0,17.1,1.2,,,,
2026-10-06 11:59:05,JetBrains/Mellum2-12B-A2.5B-Instruct-GGUF-Q8_0,Q8_0,12.9,src,ub1024,agent,,,,,,1/5,0,13,
2026-10-06 12:20:56,unsloth/NVIDIA-Nemotron-3-Nano-Omni-30B-A3B-Reasoning-GGUF,UD-Q5_K_S,24.8,lmstudio,ub1024/b2048,ok,13.7,272.02,73.7,49.0,3.4,,,,
2026-10-06 12:20:56,unsloth/NVIDIA-Nemotron-3-Nano-Omni-30B-A3B-Reasoning-GGUF,UD-Q5_K_S,24.8,lmstudio,ub512/b512,ok,15.8,199.47,59.6,18.4,3.1,,,,
2026-10-06 12:20:56,unsloth/NVIDIA-Nemotron-3-Nano-Omni-30B-A3B-Reasoning-GGUF,UD-Q5_K_S,24.8,lmstudio,best ub512,agent,,,,,,5/5,2,366,easy 0/3; 
2026-10-06 12:20:56,unsloth/NVIDIA-Nemotron-3-Nano-Omni-30B-A3B-Reasoning-GGUF,UD-Q5_K_S,24.8,stock,ub1024,ok,,1.25,62.3,13.5,1.5,,,,
2026-10-06 12:20:56,unsloth/NVIDIA-Nemotron-3-Nano-Omni-30B-A3B-Reasoning-GGUF,UD-Q5_K_S,24.8,stock,ub1024,agent,,,,,,5/5,2,76,
2026-10-06 12:20:56,unsloth/NVIDIA-Nemotron-3-Nano-Omni-30B-A3B-Reasoning-GGUF,UD-Q5_K_S,24.8,src,ub1024,ok,,2.04,62.8,14.6,2.0,,,,
2026-10-06 12:20:56,unsloth/NVIDIA-Nemotron-3-Nano-Omni-30B-A3B-Reasoning-GGUF,UD-Q5_K_S,24.8,src,ub1024,agent,,,,,,5/5,0,44,
2026-10-06 14:09:10,abenzerps/Apodex-1.1-mini-GGUF,Q6_K,29.2,lmstudio,ub1024/b2048,ok,16.4,2.95,85.2,28.0,185.5,,,,
2026-10-06 14:09:10,abenzerps/Apodex-1.1-mini-GGUF,Q6_K,29.2,lmstudio,ub512/b512,ok,18.3,2.93,67.1,32.1,4.0,,,,
2026-10-06 14:09:10,abenzerps/Apodex-1.1-mini-GGUF,Q6_K,29.2,lmstudio,best ub1024,agent,,,,,,5/5,0,122,easy 0/3; 
2026-10-06 14:09:10,abenzerps/Apodex-1.1-mini-GGUF,Q6_K,29.2,stock,ub1024,ok,,1.18,63.7,22.1,2.2,,,,
2026-10-06 14:09:10,abenzerps/Apodex-1.1-mini-GGUF,Q6_K,29.2,stock,ub1024,agent,,,,,,4/5,0,21,
2026-10-06 14:09:10,abenzerps/Apodex-1.1-mini-GGUF,Q6_K,29.2,src,ub1024,ok,,1.78,64.7,24.7,2.9,,,,
2026-10-06 14:09:10,abenzerps/Apodex-1.1-mini-GGUF,Q6_K,29.2,src,ub1024,agent,,,,,,5/5,0,28,
2026-10-06 14:47:59,unsloth/gemma-4-12b-it-GGUF,Q6_K,9.8,lmstudio,ub1024/b2048,ok,9.6,2.65,21.7,165.9,6.2,,,,
2026-10-06 14:47:59,unsloth/gemma-4-12b-it-GGUF,Q6_K,9.8,lmstudio,ub512/b512,ok,7.3,2.65,22.1,166.8,13.2,,,,
2026-10-06 14:47:59,unsloth/gemma-4-12b-it-GGUF,Q6_K,9.8,lmstudio,best ub1024,agent,,,,,,5/5,0,105,easy 0/3; 
2026-10-06 14:47:59,unsloth/gemma-4-12b-it-GGUF,Q6_K,9.8,stock,ub1024,ok,,0.62,22.4,165.1,5.5,,,,
2026-10-06 14:47:59,unsloth/gemma-4-12b-it-GGUF,Q6_K,9.8,stock,ub1024,agent,,,,,,5/5,0,82,
2026-10-06 14:47:59,unsloth/gemma-4-12b-it-GGUF,Q6_K,9.8,src,ub1024,ok,,0.75,22.3,170.6,9.0,,,,
2026-10-06 14:47:59,unsloth/gemma-4-12b-it-GGUF,Q6_K,9.8,src,ub1024,agent,,,,,,5/5,0,92,
2026-10-06 15:44:35,ornith-ai/Ornith-1.0-9B-GGUF,Q6_K,7.4,lmstudio,ub1024/b2048,ok,6.1,2.76,31.2,33.0,4.5,,,,
2026-10-06 15:44:35,ornith-ai/Ornith-1.0-9B-GGUF,Q6_K,7.4,lmstudio,ub512/b512,ok,6.1,7.31,31.3,29.2,3.4,,,,
2026-10-06 15:44:35,ornith-ai/Ornith-1.0-9B-GGUF,Q6_K,7.4,lmstudio,best ub512,agent,,,,,,5/5,1,82,easy 0/3; 
2026-10-06 15:44:35,ornith-ai/Ornith-1.0-9B-GGUF,Q6_K,7.4,stock,ub1024,ok,,0.96,31.8,31.5,2.8,,,,
2026-10-06 15:44:35,ornith-ai/Ornith-1.0-9B-GGUF,Q6_K,7.4,stock,ub1024,agent,,,,,,5/5,0,49,
2026-10-06 15:44:35,ornith-ai/Ornith-1.0-9B-GGUF,Q6_K,7.4,src,ub1024,ok,,1.49,31.8,32.0,3.3,,,,
2026-10-06 15:44:35,ornith-ai/Ornith-1.0-9B-GGUF,Q6_K,7.4,src,ub1024,agent,,,,,,5/5,0,43,
2026-10-06 16:13:02,XHToken/Spark-X2.5-4B-GGUF,Q4_K_M,2.6,lmstudio,ub1024/b2048,ok,4.4,2.22,74.5,24.1,2.9,,,,
2026-10-06 16:13:02,XHToken/Spark-X2.5-4B-GGUF,Q4_K_M,2.6,lmstudio,ub512/b512,ok,4.1,2.19,74.4,19.9,2.9,,,,
2026-10-06 16:13:02,XHToken/Spark-X2.5-4B-GGUF,Q4_K_M,2.6,lmstudio,best ub512,agent,,,,,,1/5,0,51,easy 0/3; 
2026-10-06 16:13:02,XHToken/Spark-X2.5-4B-GGUF,Q4_K_M,2.6,stock,ub1024,ok,,0.14,75.1,22.1,0.8,,,,
2026-10-06 16:13:02,XHToken/Spark-X2.5-4B-GGUF,Q4_K_M,2.6,stock,ub1024,agent,,,,,,2/5,0,32,
2026-10-06 16:13:02,XHToken/Spark-X2.5-4B-GGUF,Q4_K_M,2.6,src,ub1024,ok,,0.19,75.2,23.1,1.5,,,,
2026-10-06 16:13:02,XHToken/Spark-X2.5-4B-GGUF,Q4_K_M,2.6,src,ub1024,agent,,,,,,1/5,0,28,
2026-10-06 16:31:14,bartowski/Ling-3.0-tiny-GGUF,Q5_K_L,5.9,lmstudio,ub1024/b2048,ok,7.8,2.49,135.8,84.0,8.9,,,,
2026-10-06 16:31:14,bartowski/Ling-3.0-tiny-GGUF,Q5_K_L,5.9,lmstudio,ub512/b512,ok,4.5,2.48,136.4,88.0,5.8,,,,
2026-10-06 16:31:14,bartowski/Ling-3.0-tiny-GGUF,Q5_K_L,5.9,lmstudio,best ub1024,agent,,,,,,5/5,0,25,easy 0/3; 
2026-10-06 16:31:14,bartowski/Ling-3.0-tiny-GGUF,Q5_K_L,5.9,stock,ub1024,ok,,0.46,138.9,81.0,6.8,,,,
2026-10-06 16:31:14,bartowski/Ling-3.0-tiny-GGUF,Q5_K_L,5.9,stock,ub1024,agent,,,,,,5/5,0,8,
2026-10-06 16:31:14,bartowski/Ling-3.0-tiny-GGUF,Q5_K_L,5.9,src,ub1024,ok,,0.84,141.9,82.5,7.1,,,,
2026-10-06 16:31:14,bartowski/Ling-3.0-tiny-GGUF,Q5_K_L,5.9,src,ub1024,agent,,,,,,5/5,0,10,
2026-10-06 16:48:09,bartowski/Cloudflare_clef-flash-GGUF,Q5_K_M,7.0,stock,ub1024,failed,,,,,,,,,COULD NOT REACH THE SERVER at http://127.0.0.1:8081 (HTTP Error 500: Internal Server Error). Is LM Studio's server running?
2026-10-06 16:48:09,bartowski/Cloudflare_clef-flash-GGUF,Q5_K_M,7.0,src,ub1024,failed,,,,,,,,,COULD NOT REACH THE SERVER at http://127.0.0.1:8081 (HTTP Error 500: Internal Server Error). Is LM Studio's server running?
2026-10-06 17:22:13,unsloth/Step-3.7-Flash-GGUF,UD-IQ3_XXS,73.6,lmstudio,ub1024/b2048,ok,34.4,2.69,22.1,103.8,3.5,,,,
2026-10-06 17:22:13,unsloth/Step-3.7-Flash-GGUF,UD-IQ3_XXS,73.6,lmstudio,ub512/b512,ok,33.4,2.71,22.1,598.9,3.6,,,,
2026-10-06 17:22:13,unsloth/Step-3.7-Flash-GGUF,UD-IQ3_XXS,73.6,lmstudio,best ub1024,agent,,,,,,3/5,0,161,easy None/None; 
